{"cameraMode":{"drawMode":0,"name":"Shaded","section":"Shading Mode"},"sceneLighting":true,"audioPlay":false,"sceneViewState":{"m_AlwaysRefresh":false,"showFog":true,"showSkybox":true,"showFlares":true,"showImageEffects":true,"showParticleSystems":true,"showVisualEffectGraphs":true,"m_FxEnabled":true},"in2DMode":false,"pivot":{"x":-36.92374801635742,"y":14.510675430297852,"z":-10.201743125915528},"rotation":{"x":-0.16334564983844758,"y":-0.43642789125442507,"z":0.08091102540493012,"w":-0.8810904622077942},"size":8.554426193237305,"orthographic":false}